{
    "loss": 4.647753715515137,
    "accuracy": 0.6461949348449707
}